item_id,source_audio,mat_path,device,start_time,end_time,window_start_s,duration_s,source_dataset,review_status,event_group,matched_annotation_count,labels_json,label_ids,is_background,split,source_label_ids,canonical_label_ids,analysis_label_ids,canonical_schema_version,clip,filename,begin_s,end_s,begin_time_s,end_time_s,expected_mat_name,species,species_code,call_type,call_type_std,call_type_raw,low_frequency_hz,high_frequency_hz,source_row_id,source_provider,source_dataset_raw,source_soundfile,source_class_species,canonical_species,canonical_call_type,dclde_ecotype,dclde_annotation_level,dclde_kw,dclde_kw_certain,gcs_object,gcs_uri,https_url,negative_bucket,context_tags,source_kind,suggested_review_label,review_question,panel_index,model_assisted_review_label,model_assisted_confidence,visual_notes,recommended_training_use
ICLISTENHF6016_20250105T015000.000Z_gap_0000_0.0s_10.0s,/project/6070467/merileo/data/finwhales/final2025_resnet_20260423/multispecies_calltype_experiments/prep_runs/multispecies_prep_balanced100_availaudio_20260430T120219Z/ICLISTENHF6016_20250105T015000.000Z.flac,,,,,,10.000000,onc_primary_adjacent_gap,candidate_primary_adjacent_gap,/project/6070467/merileo/data/finwhales/final2025_resnet_20260423/multispecies_calltype_experiments/prep_runs/multispecies_prep_balanced100_availaudio_20260430T120219Z/ICLISTENHF6016_20250105T015000.000Z.flac,,,,1,val,,,,,/project/6070467/merileo/data/finwhales/final2025_resnet_20260423/multispecies_calltype_experiments/prep_runs/multispecies_prep_balanced100_availaudio_20260430T120219Z/ICLISTENHF6016_20250105T015000.000Z.flac,/project/6070467/merileo/data/finwhales/final2025_resnet_20260423/multispecies_calltype_experiments/prep_runs/multispecies_prep_balanced100_availaudio_20260430T120219Z/ICLISTENHF6016_20250105T015000.000Z.flac,0.000000,10.000000,,,,,,,,,,,,,,,,,,,,,,,,,primary_adjacent_gap,primary_adjacent_gap,ONC,needs_visual_review,Is this 10s primary-adjacent gap clean enough for reviewed_background?,1,needs_human_review,low,Persistent low-frequency energy and patchy tonal texture; not clean enough to promote from one contact-sheet view.,exclude_from_clean_background_gate_until_reviewed
ICLISTENHF6016_20250105T052000.000Z_gap_0000_0.0s_10.0s,/project/6070467/merileo/data/finwhales/final2025_resnet_20260423/multispecies_calltype_experiments/prep_runs/multispecies_prep_balanced100_availaudio_20260430T120219Z/ICLISTENHF6016_20250105T052000.000Z.flac,,,,,,10.000000,onc_primary_adjacent_gap,candidate_primary_adjacent_gap,/project/6070467/merileo/data/finwhales/final2025_resnet_20260423/multispecies_calltype_experiments/prep_runs/multispecies_prep_balanced100_availaudio_20260430T120219Z/ICLISTENHF6016_20250105T052000.000Z.flac,,,,1,test,,,,,/project/6070467/merileo/data/finwhales/final2025_resnet_20260423/multispecies_calltype_experiments/prep_runs/multispecies_prep_balanced100_availaudio_20260430T120219Z/ICLISTENHF6016_20250105T052000.000Z.flac,/project/6070467/merileo/data/finwhales/final2025_resnet_20260423/multispecies_calltype_experiments/prep_runs/multispecies_prep_balanced100_availaudio_20260430T120219Z/ICLISTENHF6016_20250105T052000.000Z.flac,0.000000,10.000000,,,,,,,,,,,,,,,,,,,,,,,,,primary_adjacent_gap,primary_adjacent_gap,ONC,needs_visual_review,Is this 10s primary-adjacent gap clean enough for reviewed_background?,2,needs_human_review,low,Low-frequency banding plus localized mid-band texture; uncertain whether biological or environmental.,exclude_from_clean_background_gate_until_reviewed
ICLISTENHF6016_20250105T000000.000Z_gap_0000_13.1s_23.1s,/project/6070467/merileo/data/finwhales/final2025_resnet_20260423/multispecies_calltype_experiments/prep_runs/multispecies_prep_balanced100_availaudio_20260430T120219Z/ICLISTENHF6016_20250105T000000.000Z.flac,,,,,,10.000000,onc_primary_adjacent_gap,candidate_primary_adjacent_gap,/project/6070467/merileo/data/finwhales/final2025_resnet_20260423/multispecies_calltype_experiments/prep_runs/multispecies_prep_balanced100_availaudio_20260430T120219Z/ICLISTENHF6016_20250105T000000.000Z.flac,,,,1,train,,,,,/project/6070467/merileo/data/finwhales/final2025_resnet_20260423/multispecies_calltype_experiments/prep_runs/multispecies_prep_balanced100_availaudio_20260430T120219Z/ICLISTENHF6016_20250105T000000.000Z.flac,/project/6070467/merileo/data/finwhales/final2025_resnet_20260423/multispecies_calltype_experiments/prep_runs/multispecies_prep_balanced100_availaudio_20260430T120219Z/ICLISTENHF6016_20250105T000000.000Z.flac,13.100000,23.100000,,,,,,,,,,,,,,,,,,,,,,,,,primary_adjacent_gap,primary_adjacent_gap,ONC,needs_visual_review,Is this 10s primary-adjacent gap clean enough for reviewed_background?,3,needs_human_review,low,Strong low-frequency floor and mid-band structure; keep in review queue.,exclude_from_clean_background_gate_until_reviewed
ICLISTENHF6016_20250105T021000.000Z_gap_0000_0.0s_10.0s,/project/6070467/merileo/data/finwhales/final2025_resnet_20260423/multispecies_calltype_experiments/prep_runs/multispecies_prep_balanced100_availaudio_20260430T120219Z/ICLISTENHF6016_20250105T021000.000Z.flac,,,,,,10.000000,onc_primary_adjacent_gap,candidate_primary_adjacent_gap,/project/6070467/merileo/data/finwhales/final2025_resnet_20260423/multispecies_calltype_experiments/prep_runs/multispecies_prep_balanced100_availaudio_20260430T120219Z/ICLISTENHF6016_20250105T021000.000Z.flac,,,,1,val,,,,,/project/6070467/merileo/data/finwhales/final2025_resnet_20260423/multispecies_calltype_experiments/prep_runs/multispecies_prep_balanced100_availaudio_20260430T120219Z/ICLISTENHF6016_20250105T021000.000Z.flac,/project/6070467/merileo/data/finwhales/final2025_resnet_20260423/multispecies_calltype_experiments/prep_runs/multispecies_prep_balanced100_availaudio_20260430T120219Z/ICLISTENHF6016_20250105T021000.000Z.flac,0.000000,10.000000,,,,,,,,,,,,,,,,,,,,,,,,,primary_adjacent_gap,primary_adjacent_gap,ONC,needs_visual_review,Is this 10s primary-adjacent gap clean enough for reviewed_background?,4,needs_human_review,low,Patchy low-frequency energy with possible tonal fragments; needs closer inspection.,exclude_from_clean_background_gate_until_reviewed
ICLISTENHF6016_20250110T200000.000Z_gap_0000_0.0s_10.0s,/project/6070467/merileo/data/finwhales/final2025_resnet_20260423/multispecies_calltype_experiments/prep_runs/multispecies_prep_balanced100_availaudio_20260430T120219Z/ICLISTENHF6016_20250110T200000.000Z.flac,,,,,,10.000000,onc_primary_adjacent_gap,candidate_primary_adjacent_gap,/project/6070467/merileo/data/finwhales/final2025_resnet_20260423/multispecies_calltype_experiments/prep_runs/multispecies_prep_balanced100_availaudio_20260430T120219Z/ICLISTENHF6016_20250110T200000.000Z.flac,,,,1,test,,,,,/project/6070467/merileo/data/finwhales/final2025_resnet_20260423/multispecies_calltype_experiments/prep_runs/multispecies_prep_balanced100_availaudio_20260430T120219Z/ICLISTENHF6016_20250110T200000.000Z.flac,/project/6070467/merileo/data/finwhales/final2025_resnet_20260423/multispecies_calltype_experiments/prep_runs/multispecies_prep_balanced100_availaudio_20260430T120219Z/ICLISTENHF6016_20250110T200000.000Z.flac,0.000000,10.000000,,,,,,,,,,,,,,,,,,,,,,,,,primary_adjacent_gap,primary_adjacent_gap,ONC,needs_visual_review,Is this 10s primary-adjacent gap clean enough for reviewed_background?,5,needs_human_review,low,"No obvious single downsweep, but broad structured energy and a bright low band make it uncertain.",exclude_from_clean_background_gate_until_reviewed
ICLISTENHF6016_20250105T001000.000Z_gap_0000_0.0s_10.0s,/project/6070467/merileo/data/finwhales/final2025_resnet_20260423/multispecies_calltype_experiments/prep_runs/multispecies_prep_balanced100_availaudio_20260430T120219Z/ICLISTENHF6016_20250105T001000.000Z.flac,,,,,,10.000000,onc_primary_adjacent_gap,candidate_primary_adjacent_gap,/project/6070467/merileo/data/finwhales/final2025_resnet_20260423/multispecies_calltype_experiments/prep_runs/multispecies_prep_balanced100_availaudio_20260430T120219Z/ICLISTENHF6016_20250105T001000.000Z.flac,,,,1,train,,,,,/project/6070467/merileo/data/finwhales/final2025_resnet_20260423/multispecies_calltype_experiments/prep_runs/multispecies_prep_balanced100_availaudio_20260430T120219Z/ICLISTENHF6016_20250105T001000.000Z.flac,/project/6070467/merileo/data/finwhales/final2025_resnet_20260423/multispecies_calltype_experiments/prep_runs/multispecies_prep_balanced100_availaudio_20260430T120219Z/ICLISTENHF6016_20250105T001000.000Z.flac,0.000000,10.000000,,,,,,,,,,,,,,,,,,,,,,,,,primary_adjacent_gap,primary_adjacent_gap,ONC,needs_visual_review,Is this 10s primary-adjacent gap clean enough for reviewed_background?,6,needs_human_review,low,Broad low-frequency energy and texture; not confidently clean.,exclude_from_clean_background_gate_until_reviewed
ICLISTENHF6016_20250105T030000.000Z_gap_0000_18.6s_28.6s,/project/6070467/merileo/data/finwhales/final2025_resnet_20260423/multispecies_calltype_experiments/prep_runs/multispecies_prep_balanced100_availaudio_20260430T120219Z/ICLISTENHF6016_20250105T030000.000Z.flac,,,,,,10.000000,onc_primary_adjacent_gap,candidate_primary_adjacent_gap,/project/6070467/merileo/data/finwhales/final2025_resnet_20260423/multispecies_calltype_experiments/prep_runs/multispecies_prep_balanced100_availaudio_20260430T120219Z/ICLISTENHF6016_20250105T030000.000Z.flac,,,,1,val,,,,,/project/6070467/merileo/data/finwhales/final2025_resnet_20260423/multispecies_calltype_experiments/prep_runs/multispecies_prep_balanced100_availaudio_20260430T120219Z/ICLISTENHF6016_20250105T030000.000Z.flac,/project/6070467/merileo/data/finwhales/final2025_resnet_20260423/multispecies_calltype_experiments/prep_runs/multispecies_prep_balanced100_availaudio_20260430T120219Z/ICLISTENHF6016_20250105T030000.000Z.flac,18.600000,28.600000,,,,,,,,,,,,,,,,,,,,,,,,,primary_adjacent_gap,primary_adjacent_gap,ONC,needs_visual_review,Is this 10s primary-adjacent gap clean enough for reviewed_background?,7,unlabeled_signal_suspect,medium,Localized bright blob/tonal feature in the middle of the panel; suspect acoustic event.,exclude_from_clean_background_gate
ICLISTENHF6016_20250115T040000.000Z_gap_0000_0.0s_10.0s,/project/6070467/merileo/data/finwhales/final2025_resnet_20260423/multispecies_calltype_experiments/prep_runs/multispecies_prep_balanced100_availaudio_20260430T120219Z/ICLISTENHF6016_20250115T040000.000Z.flac,,,,,,10.000000,onc_primary_adjacent_gap,candidate_primary_adjacent_gap,/project/6070467/merileo/data/finwhales/final2025_resnet_20260423/multispecies_calltype_experiments/prep_runs/multispecies_prep_balanced100_availaudio_20260430T120219Z/ICLISTENHF6016_20250115T040000.000Z.flac,,,,1,test,,,,,/project/6070467/merileo/data/finwhales/final2025_resnet_20260423/multispecies_calltype_experiments/prep_runs/multispecies_prep_balanced100_availaudio_20260430T120219Z/ICLISTENHF6016_20250115T040000.000Z.flac,/project/6070467/merileo/data/finwhales/final2025_resnet_20260423/multispecies_calltype_experiments/prep_runs/multispecies_prep_balanced100_availaudio_20260430T120219Z/ICLISTENHF6016_20250115T040000.000Z.flac,0.000000,10.000000,,,,,,,,,,,,,,,,,,,,,,,,,primary_adjacent_gap,primary_adjacent_gap,ONC,needs_visual_review,Is this 10s primary-adjacent gap clean enough for reviewed_background?,8,needs_human_review,low,Structured low-frequency band and patchy texture; uncertain.,exclude_from_clean_background_gate_until_reviewed
ICLISTENHF6016_20250105T004000.000Z_gap_0000_0.0s_10.0s,/project/6070467/merileo/data/finwhales/final2025_resnet_20260423/multispecies_calltype_experiments/prep_runs/multispecies_prep_balanced100_availaudio_20260430T120219Z/ICLISTENHF6016_20250105T004000.000Z.flac,,,,,,10.000000,onc_primary_adjacent_gap,candidate_primary_adjacent_gap,/project/6070467/merileo/data/finwhales/final2025_resnet_20260423/multispecies_calltype_experiments/prep_runs/multispecies_prep_balanced100_availaudio_20260430T120219Z/ICLISTENHF6016_20250105T004000.000Z.flac,,,,1,train,,,,,/project/6070467/merileo/data/finwhales/final2025_resnet_20260423/multispecies_calltype_experiments/prep_runs/multispecies_prep_balanced100_availaudio_20260430T120219Z/ICLISTENHF6016_20250105T004000.000Z.flac,/project/6070467/merileo/data/finwhales/final2025_resnet_20260423/multispecies_calltype_experiments/prep_runs/multispecies_prep_balanced100_availaudio_20260430T120219Z/ICLISTENHF6016_20250105T004000.000Z.flac,0.000000,10.000000,,,,,,,,,,,,,,,,,,,,,,,,,primary_adjacent_gap,primary_adjacent_gap,ONC,needs_visual_review,Is this 10s primary-adjacent gap clean enough for reviewed_background?,9,needs_human_review,low,Horizontal/tonal structure near low frequencies; not clean enough from contact sheet alone.,exclude_from_clean_background_gate_until_reviewed
ICLISTENHF6016_20250105T041000.000Z_gap_0000_0.0s_10.0s,/project/6070467/merileo/data/finwhales/final2025_resnet_20260423/multispecies_calltype_experiments/prep_runs/multispecies_prep_balanced100_availaudio_20260430T120219Z/ICLISTENHF6016_20250105T041000.000Z.flac,,,,,,10.000000,onc_primary_adjacent_gap,candidate_primary_adjacent_gap,/project/6070467/merileo/data/finwhales/final2025_resnet_20260423/multispecies_calltype_experiments/prep_runs/multispecies_prep_balanced100_availaudio_20260430T120219Z/ICLISTENHF6016_20250105T041000.000Z.flac,,,,1,val,,,,,/project/6070467/merileo/data/finwhales/final2025_resnet_20260423/multispecies_calltype_experiments/prep_runs/multispecies_prep_balanced100_availaudio_20260430T120219Z/ICLISTENHF6016_20250105T041000.000Z.flac,/project/6070467/merileo/data/finwhales/final2025_resnet_20260423/multispecies_calltype_experiments/prep_runs/multispecies_prep_balanced100_availaudio_20260430T120219Z/ICLISTENHF6016_20250105T041000.000Z.flac,0.000000,10.000000,,,,,,,,,,,,,,,,,,,,,,,,,primary_adjacent_gap,primary_adjacent_gap,ONC,needs_visual_review,Is this 10s primary-adjacent gap clean enough for reviewed_background?,10,candidate_clean_background,medium,Mostly diffuse background with no clear localized downsweep-like event in the contact sheet.,candidate_for_human_confirmed_reviewed_background
ICLISTENHF6016_20250120T060000.000Z_gap_0000_0.0s_10.0s,/project/6070467/merileo/data/finwhales/final2025_resnet_20260423/multispecies_calltype_experiments/prep_runs/multispecies_prep_balanced100_availaudio_20260430T120219Z/ICLISTENHF6016_20250120T060000.000Z.flac,,,,,,10.000000,onc_primary_adjacent_gap,candidate_primary_adjacent_gap,/project/6070467/merileo/data/finwhales/final2025_resnet_20260423/multispecies_calltype_experiments/prep_runs/multispecies_prep_balanced100_availaudio_20260430T120219Z/ICLISTENHF6016_20250120T060000.000Z.flac,,,,1,test,,,,,/project/6070467/merileo/data/finwhales/final2025_resnet_20260423/multispecies_calltype_experiments/prep_runs/multispecies_prep_balanced100_availaudio_20260430T120219Z/ICLISTENHF6016_20250120T060000.000Z.flac,/project/6070467/merileo/data/finwhales/final2025_resnet_20260423/multispecies_calltype_experiments/prep_runs/multispecies_prep_balanced100_availaudio_20260430T120219Z/ICLISTENHF6016_20250120T060000.000Z.flac,0.000000,10.000000,,,,,,,,,,,,,,,,,,,,,,,,,primary_adjacent_gap,primary_adjacent_gap,ONC,needs_visual_review,Is this 10s primary-adjacent gap clean enough for reviewed_background?,11,unlabeled_signal_suspect,medium,Distinct bright localized feature in upper/mid band; plausible missed signal or acoustic event.,exclude_from_clean_background_gate
ICLISTENHF6016_20250105T014000.000Z_gap_0000_0.0s_10.0s,/project/6070467/merileo/data/finwhales/final2025_resnet_20260423/multispecies_calltype_experiments/prep_runs/multispecies_prep_balanced100_availaudio_20260430T120219Z/ICLISTENHF6016_20250105T014000.000Z.flac,,,,,,10.000000,onc_primary_adjacent_gap,candidate_primary_adjacent_gap,/project/6070467/merileo/data/finwhales/final2025_resnet_20260423/multispecies_calltype_experiments/prep_runs/multispecies_prep_balanced100_availaudio_20260430T120219Z/ICLISTENHF6016_20250105T014000.000Z.flac,,,,1,train,,,,,/project/6070467/merileo/data/finwhales/final2025_resnet_20260423/multispecies_calltype_experiments/prep_runs/multispecies_prep_balanced100_availaudio_20260430T120219Z/ICLISTENHF6016_20250105T014000.000Z.flac,/project/6070467/merileo/data/finwhales/final2025_resnet_20260423/multispecies_calltype_experiments/prep_runs/multispecies_prep_balanced100_availaudio_20260430T120219Z/ICLISTENHF6016_20250105T014000.000Z.flac,0.000000,10.000000,,,,,,,,,,,,,,,,,,,,,,,,,primary_adjacent_gap,primary_adjacent_gap,ONC,needs_visual_review,Is this 10s primary-adjacent gap clean enough for reviewed_background?,12,candidate_clean_background,medium,Relatively diffuse noise texture; no clear whale-like contour visible at this scale.,candidate_for_human_confirmed_reviewed_background
ICLISTENHF6016_20250105T043000.000Z_gap_0000_0.0s_10.0s,/project/6070467/merileo/data/finwhales/final2025_resnet_20260423/multispecies_calltype_experiments/prep_runs/multispecies_prep_balanced100_availaudio_20260430T120219Z/ICLISTENHF6016_20250105T043000.000Z.flac,,,,,,10.000000,onc_primary_adjacent_gap,candidate_primary_adjacent_gap,/project/6070467/merileo/data/finwhales/final2025_resnet_20260423/multispecies_calltype_experiments/prep_runs/multispecies_prep_balanced100_availaudio_20260430T120219Z/ICLISTENHF6016_20250105T043000.000Z.flac,,,,1,val,,,,,/project/6070467/merileo/data/finwhales/final2025_resnet_20260423/multispecies_calltype_experiments/prep_runs/multispecies_prep_balanced100_availaudio_20260430T120219Z/ICLISTENHF6016_20250105T043000.000Z.flac,/project/6070467/merileo/data/finwhales/final2025_resnet_20260423/multispecies_calltype_experiments/prep_runs/multispecies_prep_balanced100_availaudio_20260430T120219Z/ICLISTENHF6016_20250105T043000.000Z.flac,0.000000,10.000000,,,,,,,,,,,,,,,,,,,,,,,,,primary_adjacent_gap,primary_adjacent_gap,ONC,needs_visual_review,Is this 10s primary-adjacent gap clean enough for reviewed_background?,13,needs_human_review,low,Diffuse but has localized bright low-frequency patching; keep in review queue.,exclude_from_clean_background_gate_until_reviewed
ICLISTENHF6016_20250120T210000.000Z_gap_0000_0.0s_10.0s,/project/6070467/merileo/data/finwhales/final2025_resnet_20260423/multispecies_calltype_experiments/prep_runs/multispecies_prep_balanced100_availaudio_20260430T120219Z/ICLISTENHF6016_20250120T210000.000Z.flac,,,,,,10.000000,onc_primary_adjacent_gap,candidate_primary_adjacent_gap,/project/6070467/merileo/data/finwhales/final2025_resnet_20260423/multispecies_calltype_experiments/prep_runs/multispecies_prep_balanced100_availaudio_20260430T120219Z/ICLISTENHF6016_20250120T210000.000Z.flac,,,,1,test,,,,,/project/6070467/merileo/data/finwhales/final2025_resnet_20260423/multispecies_calltype_experiments/prep_runs/multispecies_prep_balanced100_availaudio_20260430T120219Z/ICLISTENHF6016_20250120T210000.000Z.flac,/project/6070467/merileo/data/finwhales/final2025_resnet_20260423/multispecies_calltype_experiments/prep_runs/multispecies_prep_balanced100_availaudio_20260430T120219Z/ICLISTENHF6016_20250120T210000.000Z.flac,0.000000,10.000000,,,,,,,,,,,,,,,,,,,,,,,,,primary_adjacent_gap,primary_adjacent_gap,ONC,needs_visual_review,Is this 10s primary-adjacent gap clean enough for reviewed_background?,14,candidate_clean_background,medium,Mostly diffuse low-frequency background without an obvious localized event.,candidate_for_human_confirmed_reviewed_background
ICLISTENHF6016_20250105T023000.000Z_gap_0000_0.0s_10.0s,/project/6070467/merileo/data/finwhales/final2025_resnet_20260423/multispecies_calltype_experiments/prep_runs/multispecies_prep_balanced100_availaudio_20260430T120219Z/ICLISTENHF6016_20250105T023000.000Z.flac,,,,,,10.000000,onc_primary_adjacent_gap,candidate_primary_adjacent_gap,/project/6070467/merileo/data/finwhales/final2025_resnet_20260423/multispecies_calltype_experiments/prep_runs/multispecies_prep_balanced100_availaudio_20260430T120219Z/ICLISTENHF6016_20250105T023000.000Z.flac,,,,1,train,,,,,/project/6070467/merileo/data/finwhales/final2025_resnet_20260423/multispecies_calltype_experiments/prep_runs/multispecies_prep_balanced100_availaudio_20260430T120219Z/ICLISTENHF6016_20250105T023000.000Z.flac,/project/6070467/merileo/data/finwhales/final2025_resnet_20260423/multispecies_calltype_experiments/prep_runs/multispecies_prep_balanced100_availaudio_20260430T120219Z/ICLISTENHF6016_20250105T023000.000Z.flac,0.000000,10.000000,,,,,,,,,,,,,,,,,,,,,,,,,primary_adjacent_gap,primary_adjacent_gap,ONC,needs_visual_review,Is this 10s primary-adjacent gap clean enough for reviewed_background?,15,candidate_clean_background,medium,Only a weak small patch; no clear primary-species call shape in contact-sheet view.,candidate_for_human_confirmed_reviewed_background
ICLISTENHF6016_20250105T090000.000Z_gap_0000_0.0s_10.0s,/project/6070467/merileo/data/finwhales/final2025_resnet_20260423/multispecies_calltype_experiments/prep_runs/multispecies_prep_balanced100_availaudio_20260430T120219Z/ICLISTENHF6016_20250105T090000.000Z.flac,,,,,,10.000000,onc_primary_adjacent_gap,candidate_primary_adjacent_gap,/project/6070467/merileo/data/finwhales/final2025_resnet_20260423/multispecies_calltype_experiments/prep_runs/multispecies_prep_balanced100_availaudio_20260430T120219Z/ICLISTENHF6016_20250105T090000.000Z.flac,,,,1,val,,,,,/project/6070467/merileo/data/finwhales/final2025_resnet_20260423/multispecies_calltype_experiments/prep_runs/multispecies_prep_balanced100_availaudio_20260430T120219Z/ICLISTENHF6016_20250105T090000.000Z.flac,/project/6070467/merileo/data/finwhales/final2025_resnet_20260423/multispecies_calltype_experiments/prep_runs/multispecies_prep_balanced100_availaudio_20260430T120219Z/ICLISTENHF6016_20250105T090000.000Z.flac,0.000000,10.000000,,,,,,,,,,,,,,,,,,,,,,,,,primary_adjacent_gap,primary_adjacent_gap,ONC,needs_visual_review,Is this 10s primary-adjacent gap clean enough for reviewed_background?,16,needs_human_review,low,Stronger low-frequency banding/texture than the cleaner candidates; uncertain.,exclude_from_clean_background_gate_until_reviewed
ICLISTENHF6016_20250125T070000.000Z_gap_0000_0.0s_10.0s,/project/6070467/merileo/data/finwhales/final2025_resnet_20260423/multispecies_calltype_experiments/prep_runs/multispecies_prep_balanced100_availaudio_20260430T120219Z/ICLISTENHF6016_20250125T070000.000Z.flac,,,,,,10.000000,onc_primary_adjacent_gap,candidate_primary_adjacent_gap,/project/6070467/merileo/data/finwhales/final2025_resnet_20260423/multispecies_calltype_experiments/prep_runs/multispecies_prep_balanced100_availaudio_20260430T120219Z/ICLISTENHF6016_20250125T070000.000Z.flac,,,,1,test,,,,,/project/6070467/merileo/data/finwhales/final2025_resnet_20260423/multispecies_calltype_experiments/prep_runs/multispecies_prep_balanced100_availaudio_20260430T120219Z/ICLISTENHF6016_20250125T070000.000Z.flac,/project/6070467/merileo/data/finwhales/final2025_resnet_20260423/multispecies_calltype_experiments/prep_runs/multispecies_prep_balanced100_availaudio_20260430T120219Z/ICLISTENHF6016_20250125T070000.000Z.flac,0.000000,10.000000,,,,,,,,,,,,,,,,,,,,,,,,,primary_adjacent_gap,primary_adjacent_gap,ONC,needs_visual_review,Is this 10s primary-adjacent gap clean enough for reviewed_background?,17,candidate_clean_background,medium,Diffuse noise and weak banding only; no obvious call-like contour.,candidate_for_human_confirmed_reviewed_background
ICLISTENHF6016_20250105T032000.000Z_gap_0000_0.0s_10.0s,/project/6070467/merileo/data/finwhales/final2025_resnet_20260423/multispecies_calltype_experiments/prep_runs/multispecies_prep_balanced100_availaudio_20260430T120219Z/ICLISTENHF6016_20250105T032000.000Z.flac,,,,,,10.000000,onc_primary_adjacent_gap,candidate_primary_adjacent_gap,/project/6070467/merileo/data/finwhales/final2025_resnet_20260423/multispecies_calltype_experiments/prep_runs/multispecies_prep_balanced100_availaudio_20260430T120219Z/ICLISTENHF6016_20250105T032000.000Z.flac,,,,1,train,,,,,/project/6070467/merileo/data/finwhales/final2025_resnet_20260423/multispecies_calltype_experiments/prep_runs/multispecies_prep_balanced100_availaudio_20260430T120219Z/ICLISTENHF6016_20250105T032000.000Z.flac,/project/6070467/merileo/data/finwhales/final2025_resnet_20260423/multispecies_calltype_experiments/prep_runs/multispecies_prep_balanced100_availaudio_20260430T120219Z/ICLISTENHF6016_20250105T032000.000Z.flac,0.000000,10.000000,,,,,,,,,,,,,,,,,,,,,,,,,primary_adjacent_gap,primary_adjacent_gap,ONC,needs_visual_review,Is this 10s primary-adjacent gap clean enough for reviewed_background?,18,unlabeled_signal_suspect,medium,Compact bright mid-band blob; plausible missed acoustic event.,exclude_from_clean_background_gate
ICLISTENHF6016_20250110T070000.000Z_gap_0000_15.5s_25.5s,/project/6070467/merileo/data/finwhales/final2025_resnet_20260423/multispecies_calltype_experiments/prep_runs/multispecies_prep_balanced100_availaudio_20260430T120219Z/ICLISTENHF6016_20250110T070000.000Z.flac,,,,,,10.000000,onc_primary_adjacent_gap,candidate_primary_adjacent_gap,/project/6070467/merileo/data/finwhales/final2025_resnet_20260423/multispecies_calltype_experiments/prep_runs/multispecies_prep_balanced100_availaudio_20260430T120219Z/ICLISTENHF6016_20250110T070000.000Z.flac,,,,1,val,,,,,/project/6070467/merileo/data/finwhales/final2025_resnet_20260423/multispecies_calltype_experiments/prep_runs/multispecies_prep_balanced100_availaudio_20260430T120219Z/ICLISTENHF6016_20250110T070000.000Z.flac,/project/6070467/merileo/data/finwhales/final2025_resnet_20260423/multispecies_calltype_experiments/prep_runs/multispecies_prep_balanced100_availaudio_20260430T120219Z/ICLISTENHF6016_20250110T070000.000Z.flac,15.500000,25.500000,,,,,,,,,,,,,,,,,,,,,,,,,primary_adjacent_gap,primary_adjacent_gap,ONC,needs_visual_review,Is this 10s primary-adjacent gap clean enough for reviewed_background?,19,unlabeled_signal_suspect,medium,Distinct bright high/mid-frequency event near the top of the panel.,exclude_from_clean_background_gate
ICLISTENHF6016_20250215T130000.000Z_gap_0000_0.0s_10.0s,/project/6070467/merileo/data/finwhales/final2025_resnet_20260423/multispecies_calltype_experiments/prep_runs/multispecies_prep_balanced100_availaudio_20260430T120219Z/ICLISTENHF6016_20250215T130000.000Z.flac,,,,,,10.000000,onc_primary_adjacent_gap,candidate_primary_adjacent_gap,/project/6070467/merileo/data/finwhales/final2025_resnet_20260423/multispecies_calltype_experiments/prep_runs/multispecies_prep_balanced100_availaudio_20260430T120219Z/ICLISTENHF6016_20250215T130000.000Z.flac,,,,1,test,,,,,/project/6070467/merileo/data/finwhales/final2025_resnet_20260423/multispecies_calltype_experiments/prep_runs/multispecies_prep_balanced100_availaudio_20260430T120219Z/ICLISTENHF6016_20250215T130000.000Z.flac,/project/6070467/merileo/data/finwhales/final2025_resnet_20260423/multispecies_calltype_experiments/prep_runs/multispecies_prep_balanced100_availaudio_20260430T120219Z/ICLISTENHF6016_20250215T130000.000Z.flac,0.000000,10.000000,,,,,,,,,,,,,,,,,,,,,,,,,primary_adjacent_gap,primary_adjacent_gap,ONC,needs_visual_review,Is this 10s primary-adjacent gap clean enough for reviewed_background?,20,needs_human_review,low,Weak localized horizontal/tonal feature; ambiguous.,exclude_from_clean_background_gate_until_reviewed
ICLISTENHF6016_20250105T040000.000Z_gap_0000_0.0s_10.0s,/project/6070467/merileo/data/finwhales/final2025_resnet_20260423/multispecies_calltype_experiments/prep_runs/multispecies_prep_balanced100_availaudio_20260430T120219Z/ICLISTENHF6016_20250105T040000.000Z.flac,,,,,,10.000000,onc_primary_adjacent_gap,candidate_primary_adjacent_gap,/project/6070467/merileo/data/finwhales/final2025_resnet_20260423/multispecies_calltype_experiments/prep_runs/multispecies_prep_balanced100_availaudio_20260430T120219Z/ICLISTENHF6016_20250105T040000.000Z.flac,,,,1,train,,,,,/project/6070467/merileo/data/finwhales/final2025_resnet_20260423/multispecies_calltype_experiments/prep_runs/multispecies_prep_balanced100_availaudio_20260430T120219Z/ICLISTENHF6016_20250105T040000.000Z.flac,/project/6070467/merileo/data/finwhales/final2025_resnet_20260423/multispecies_calltype_experiments/prep_runs/multispecies_prep_balanced100_availaudio_20260430T120219Z/ICLISTENHF6016_20250105T040000.000Z.flac,0.000000,10.000000,,,,,,,,,,,,,,,,,,,,,,,,,primary_adjacent_gap,primary_adjacent_gap,ONC,needs_visual_review,Is this 10s primary-adjacent gap clean enough for reviewed_background?,21,unlabeled_signal_suspect,medium,Bright compact feature with vertical/tonal continuation; suspect event.,exclude_from_clean_background_gate
ICLISTENHF6016_20250120T190000.000Z_gap_0000_0.0s_10.0s,/project/6070467/merileo/data/finwhales/final2025_resnet_20260423/multispecies_calltype_experiments/prep_runs/multispecies_prep_balanced100_availaudio_20260430T120219Z/ICLISTENHF6016_20250120T190000.000Z.flac,,,,,,10.000000,onc_primary_adjacent_gap,candidate_primary_adjacent_gap,/project/6070467/merileo/data/finwhales/final2025_resnet_20260423/multispecies_calltype_experiments/prep_runs/multispecies_prep_balanced100_availaudio_20260430T120219Z/ICLISTENHF6016_20250120T190000.000Z.flac,,,,1,val,,,,,/project/6070467/merileo/data/finwhales/final2025_resnet_20260423/multispecies_calltype_experiments/prep_runs/multispecies_prep_balanced100_availaudio_20260430T120219Z/ICLISTENHF6016_20250120T190000.000Z.flac,/project/6070467/merileo/data/finwhales/final2025_resnet_20260423/multispecies_calltype_experiments/prep_runs/multispecies_prep_balanced100_availaudio_20260430T120219Z/ICLISTENHF6016_20250120T190000.000Z.flac,0.000000,10.000000,,,,,,,,,,,,,,,,,,,,,,,,,primary_adjacent_gap,primary_adjacent_gap,ONC,needs_visual_review,Is this 10s primary-adjacent gap clean enough for reviewed_background?,22,candidate_clean_background,medium,Diffuse background texture; no obvious primary-call contour at contact-sheet scale.,candidate_for_human_confirmed_reviewed_background
ICLISTENHF6016_20250405T030000.000Z_gap_0000_0.0s_10.0s,/project/6070467/merileo/data/finwhales/final2025_resnet_20260423/multispecies_calltype_experiments/prep_runs/multispecies_prep_balanced100_availaudio_20260430T120219Z/ICLISTENHF6016_20250405T030000.000Z.flac,,,,,,10.000000,onc_primary_adjacent_gap,candidate_primary_adjacent_gap,/project/6070467/merileo/data/finwhales/final2025_resnet_20260423/multispecies_calltype_experiments/prep_runs/multispecies_prep_balanced100_availaudio_20260430T120219Z/ICLISTENHF6016_20250405T030000.000Z.flac,,,,1,test,,,,,/project/6070467/merileo/data/finwhales/final2025_resnet_20260423/multispecies_calltype_experiments/prep_runs/multispecies_prep_balanced100_availaudio_20260430T120219Z/ICLISTENHF6016_20250405T030000.000Z.flac,/project/6070467/merileo/data/finwhales/final2025_resnet_20260423/multispecies_calltype_experiments/prep_runs/multispecies_prep_balanced100_availaudio_20260430T120219Z/ICLISTENHF6016_20250405T030000.000Z.flac,0.000000,10.000000,,,,,,,,,,,,,,,,,,,,,,,,,primary_adjacent_gap,primary_adjacent_gap,ONC,needs_visual_review,Is this 10s primary-adjacent gap clean enough for reviewed_background?,23,candidate_clean_background,medium,Mostly diffuse; no clear localized signal-like feature.,candidate_for_human_confirmed_reviewed_background
ICLISTENHF6016_20250105T045000.000Z_gap_0000_0.0s_10.0s,/project/6070467/merileo/data/finwhales/final2025_resnet_20260423/multispecies_calltype_experiments/prep_runs/multispecies_prep_balanced100_availaudio_20260430T120219Z/ICLISTENHF6016_20250105T045000.000Z.flac,,,,,,10.000000,onc_primary_adjacent_gap,candidate_primary_adjacent_gap,/project/6070467/merileo/data/finwhales/final2025_resnet_20260423/multispecies_calltype_experiments/prep_runs/multispecies_prep_balanced100_availaudio_20260430T120219Z/ICLISTENHF6016_20250105T045000.000Z.flac,,,,1,train,,,,,/project/6070467/merileo/data/finwhales/final2025_resnet_20260423/multispecies_calltype_experiments/prep_runs/multispecies_prep_balanced100_availaudio_20260430T120219Z/ICLISTENHF6016_20250105T045000.000Z.flac,/project/6070467/merileo/data/finwhales/final2025_resnet_20260423/multispecies_calltype_experiments/prep_runs/multispecies_prep_balanced100_availaudio_20260430T120219Z/ICLISTENHF6016_20250105T045000.000Z.flac,0.000000,10.000000,,,,,,,,,,,,,,,,,,,,,,,,,primary_adjacent_gap,primary_adjacent_gap,ONC,needs_visual_review,Is this 10s primary-adjacent gap clean enough for reviewed_background?,24,unlabeled_signal_suspect,medium,Localized bright mid-band blob/short contour; suspect acoustic event.,exclude_from_clean_background_gate
ICLISTENHF6016_20250125T090000.000Z_gap_0000_0.0s_10.0s,/project/6070467/merileo/data/finwhales/final2025_resnet_20260423/multispecies_calltype_experiments/prep_runs/multispecies_prep_balanced100_availaudio_20260430T120219Z/ICLISTENHF6016_20250125T090000.000Z.flac,,,,,,10.000000,onc_primary_adjacent_gap,candidate_primary_adjacent_gap,/project/6070467/merileo/data/finwhales/final2025_resnet_20260423/multispecies_calltype_experiments/prep_runs/multispecies_prep_balanced100_availaudio_20260430T120219Z/ICLISTENHF6016_20250125T090000.000Z.flac,,,,1,val,,,,,/project/6070467/merileo/data/finwhales/final2025_resnet_20260423/multispecies_calltype_experiments/prep_runs/multispecies_prep_balanced100_availaudio_20260430T120219Z/ICLISTENHF6016_20250125T090000.000Z.flac,/project/6070467/merileo/data/finwhales/final2025_resnet_20260423/multispecies_calltype_experiments/prep_runs/multispecies_prep_balanced100_availaudio_20260430T120219Z/ICLISTENHF6016_20250125T090000.000Z.flac,0.000000,10.000000,,,,,,,,,,,,,,,,,,,,,,,,,primary_adjacent_gap,primary_adjacent_gap,ONC,needs_visual_review,Is this 10s primary-adjacent gap clean enough for reviewed_background?,25,unlabeled_signal_suspect,medium,Clear horizontal/tonal feature around mid-low band; not clean background.,exclude_from_clean_background_gate
ICLISTENHF6016_20250505T160000.000Z_gap_0000_0.0s_10.0s,/project/6070467/merileo/data/finwhales/final2025_resnet_20260423/multispecies_calltype_experiments/prep_runs/multispecies_prep_balanced100_availaudio_20260430T120219Z/ICLISTENHF6016_20250505T160000.000Z.flac,,,,,,10.000000,onc_primary_adjacent_gap,candidate_primary_adjacent_gap,/project/6070467/merileo/data/finwhales/final2025_resnet_20260423/multispecies_calltype_experiments/prep_runs/multispecies_prep_balanced100_availaudio_20260430T120219Z/ICLISTENHF6016_20250505T160000.000Z.flac,,,,1,test,,,,,/project/6070467/merileo/data/finwhales/final2025_resnet_20260423/multispecies_calltype_experiments/prep_runs/multispecies_prep_balanced100_availaudio_20260430T120219Z/ICLISTENHF6016_20250505T160000.000Z.flac,/project/6070467/merileo/data/finwhales/final2025_resnet_20260423/multispecies_calltype_experiments/prep_runs/multispecies_prep_balanced100_availaudio_20260430T120219Z/ICLISTENHF6016_20250505T160000.000Z.flac,0.000000,10.000000,,,,,,,,,,,,,,,,,,,,,,,,,primary_adjacent_gap,primary_adjacent_gap,ONC,needs_visual_review,Is this 10s primary-adjacent gap clean enough for reviewed_background?,26,candidate_clean_background,medium,Diffuse low-frequency noise floor with no obvious localized whale-like contour.,candidate_for_human_confirmed_reviewed_background
ICLISTENHF6016_20250105T050000.000Z_gap_0000_0.0s_10.0s,/project/6070467/merileo/data/finwhales/final2025_resnet_20260423/multispecies_calltype_experiments/prep_runs/multispecies_prep_balanced100_availaudio_20260430T120219Z/ICLISTENHF6016_20250105T050000.000Z.flac,,,,,,10.000000,onc_primary_adjacent_gap,candidate_primary_adjacent_gap,/project/6070467/merileo/data/finwhales/final2025_resnet_20260423/multispecies_calltype_experiments/prep_runs/multispecies_prep_balanced100_availaudio_20260430T120219Z/ICLISTENHF6016_20250105T050000.000Z.flac,,,,1,train,,,,,/project/6070467/merileo/data/finwhales/final2025_resnet_20260423/multispecies_calltype_experiments/prep_runs/multispecies_prep_balanced100_availaudio_20260430T120219Z/ICLISTENHF6016_20250105T050000.000Z.flac,/project/6070467/merileo/data/finwhales/final2025_resnet_20260423/multispecies_calltype_experiments/prep_runs/multispecies_prep_balanced100_availaudio_20260430T120219Z/ICLISTENHF6016_20250105T050000.000Z.flac,0.000000,10.000000,,,,,,,,,,,,,,,,,,,,,,,,,primary_adjacent_gap,primary_adjacent_gap,ONC,needs_visual_review,Is this 10s primary-adjacent gap clean enough for reviewed_background?,27,needs_human_review,low,Bright horizontal feature in the panel; ambiguous without closer context.,exclude_from_clean_background_gate_until_reviewed
ICLISTENHF6016_20250205T190000.000Z_gap_0000_15.2s_25.2s,/project/6070467/merileo/data/finwhales/final2025_resnet_20260423/multispecies_calltype_experiments/prep_runs/multispecies_prep_balanced100_availaudio_20260430T120219Z/ICLISTENHF6016_20250205T190000.000Z.flac,,,,,,10.000000,onc_primary_adjacent_gap,candidate_primary_adjacent_gap,/project/6070467/merileo/data/finwhales/final2025_resnet_20260423/multispecies_calltype_experiments/prep_runs/multispecies_prep_balanced100_availaudio_20260430T120219Z/ICLISTENHF6016_20250205T190000.000Z.flac,,,,1,val,,,,,/project/6070467/merileo/data/finwhales/final2025_resnet_20260423/multispecies_calltype_experiments/prep_runs/multispecies_prep_balanced100_availaudio_20260430T120219Z/ICLISTENHF6016_20250205T190000.000Z.flac,/project/6070467/merileo/data/finwhales/final2025_resnet_20260423/multispecies_calltype_experiments/prep_runs/multispecies_prep_balanced100_availaudio_20260430T120219Z/ICLISTENHF6016_20250205T190000.000Z.flac,15.200000,25.200000,,,,,,,,,,,,,,,,,,,,,,,,,primary_adjacent_gap,primary_adjacent_gap,ONC,needs_visual_review,Is this 10s primary-adjacent gap clean enough for reviewed_background?,28,unlabeled_signal_suspect,medium,Localized high-energy region and structured texture; suspect event.,exclude_from_clean_background_gate
ICLISTENHF6016_20250505T200000.000Z_gap_0000_0.0s_10.0s,/project/6070467/merileo/data/finwhales/final2025_resnet_20260423/multispecies_calltype_experiments/prep_runs/multispecies_prep_balanced100_availaudio_20260430T120219Z/ICLISTENHF6016_20250505T200000.000Z.flac,,,,,,10.000000,onc_primary_adjacent_gap,candidate_primary_adjacent_gap,/project/6070467/merileo/data/finwhales/final2025_resnet_20260423/multispecies_calltype_experiments/prep_runs/multispecies_prep_balanced100_availaudio_20260430T120219Z/ICLISTENHF6016_20250505T200000.000Z.flac,,,,1,test,,,,,/project/6070467/merileo/data/finwhales/final2025_resnet_20260423/multispecies_calltype_experiments/prep_runs/multispecies_prep_balanced100_availaudio_20260430T120219Z/ICLISTENHF6016_20250505T200000.000Z.flac,/project/6070467/merileo/data/finwhales/final2025_resnet_20260423/multispecies_calltype_experiments/prep_runs/multispecies_prep_balanced100_availaudio_20260430T120219Z/ICLISTENHF6016_20250505T200000.000Z.flac,0.000000,10.000000,,,,,,,,,,,,,,,,,,,,,,,,,primary_adjacent_gap,primary_adjacent_gap,ONC,needs_visual_review,Is this 10s primary-adjacent gap clean enough for reviewed_background?,29,unlabeled_signal_suspect,medium,Multiple mid-band localized features/short contours; suspect event.,exclude_from_clean_background_gate
ICLISTENHF6016_20250105T051000.000Z_gap_0000_0.0s_10.0s,/project/6070467/merileo/data/finwhales/final2025_resnet_20260423/multispecies_calltype_experiments/prep_runs/multispecies_prep_balanced100_availaudio_20260430T120219Z/ICLISTENHF6016_20250105T051000.000Z.flac,,,,,,10.000000,onc_primary_adjacent_gap,candidate_primary_adjacent_gap,/project/6070467/merileo/data/finwhales/final2025_resnet_20260423/multispecies_calltype_experiments/prep_runs/multispecies_prep_balanced100_availaudio_20260430T120219Z/ICLISTENHF6016_20250105T051000.000Z.flac,,,,1,train,,,,,/project/6070467/merileo/data/finwhales/final2025_resnet_20260423/multispecies_calltype_experiments/prep_runs/multispecies_prep_balanced100_availaudio_20260430T120219Z/ICLISTENHF6016_20250105T051000.000Z.flac,/project/6070467/merileo/data/finwhales/final2025_resnet_20260423/multispecies_calltype_experiments/prep_runs/multispecies_prep_balanced100_availaudio_20260430T120219Z/ICLISTENHF6016_20250105T051000.000Z.flac,0.000000,10.000000,,,,,,,,,,,,,,,,,,,,,,,,,primary_adjacent_gap,primary_adjacent_gap,ONC,needs_visual_review,Is this 10s primary-adjacent gap clean enough for reviewed_background?,30,candidate_clean_background,medium,Diffuse texture with no obvious localized call-like feature.,candidate_for_human_confirmed_reviewed_background
ICLISTENHF6016_20250505T180000.000Z_gap_0000_0.0s_10.0s,/project/6070467/merileo/data/finwhales/final2025_resnet_20260423/multispecies_calltype_experiments/prep_runs/multispecies_prep_balanced100_availaudio_20260430T120219Z/ICLISTENHF6016_20250505T180000.000Z.flac,,,,,,10.000000,onc_primary_adjacent_gap,candidate_primary_adjacent_gap,/project/6070467/merileo/data/finwhales/final2025_resnet_20260423/multispecies_calltype_experiments/prep_runs/multispecies_prep_balanced100_availaudio_20260430T120219Z/ICLISTENHF6016_20250505T180000.000Z.flac,,,,1,val,,,,,/project/6070467/merileo/data/finwhales/final2025_resnet_20260423/multispecies_calltype_experiments/prep_runs/multispecies_prep_balanced100_availaudio_20260430T120219Z/ICLISTENHF6016_20250505T180000.000Z.flac,/project/6070467/merileo/data/finwhales/final2025_resnet_20260423/multispecies_calltype_experiments/prep_runs/multispecies_prep_balanced100_availaudio_20260430T120219Z/ICLISTENHF6016_20250505T180000.000Z.flac,0.000000,10.000000,,,,,,,,,,,,,,,,,,,,,,,,,primary_adjacent_gap,primary_adjacent_gap,ONC,needs_visual_review,Is this 10s primary-adjacent gap clean enough for reviewed_background?,31,candidate_clean_background,medium,Mostly diffuse background; no clear event shape visible.,candidate_for_human_confirmed_reviewed_background
ICLISTENHF6016_20250705T110000.000Z_gap_0000_0.0s_10.0s,/project/6070467/merileo/data/finwhales/final2025_resnet_20260423/multispecies_calltype_experiments/prep_runs/multispecies_prep_balanced100_availaudio_20260430T120219Z/ICLISTENHF6016_20250705T110000.000Z.flac,,,,,,10.000000,onc_primary_adjacent_gap,candidate_primary_adjacent_gap,/project/6070467/merileo/data/finwhales/final2025_resnet_20260423/multispecies_calltype_experiments/prep_runs/multispecies_prep_balanced100_availaudio_20260430T120219Z/ICLISTENHF6016_20250705T110000.000Z.flac,,,,1,test,,,,,/project/6070467/merileo/data/finwhales/final2025_resnet_20260423/multispecies_calltype_experiments/prep_runs/multispecies_prep_balanced100_availaudio_20260430T120219Z/ICLISTENHF6016_20250705T110000.000Z.flac,/project/6070467/merileo/data/finwhales/final2025_resnet_20260423/multispecies_calltype_experiments/prep_runs/multispecies_prep_balanced100_availaudio_20260430T120219Z/ICLISTENHF6016_20250705T110000.000Z.flac,0.000000,10.000000,,,,,,,,,,,,,,,,,,,,,,,,,primary_adjacent_gap,primary_adjacent_gap,ONC,needs_visual_review,Is this 10s primary-adjacent gap clean enough for reviewed_background?,32,unlabeled_signal_suspect,medium,Strong horizontal/tonal bands and structured energy; not clean background.,exclude_from_clean_background_gate
