review_label,suggested_review_label,allowed_review_labels,review_priority,item_id,evaluation_bucket,source_dataset,source_audio,mat_path,source_label_ids,analysis_label_ids,target_label_ids,is_background,review_status,context_tags,top_primary,top_primary_score,max_score_run,triggered_run_count,triggered_runs,run_score_summary,notes
,demoted_nonprimary_signal,reviewed_background|ambiguous_hard_negative|unlabeled_signal_suspect|demoted_nonprimary_signal,high,ICLISTENHF6016_20250215T010000.000Z.flac_276.9s_282.1s_trainstyle,demoted_nonprimary_signal,final2025_part2_multispecies_tiny_trainstyle,/project/6070467/merileo/data/finwhales/final2025_resnet_20260423/multispecies_calltype_experiments/prep_runs/multispecies_prep_balanced100_availaudio_20260430T120219Z/ICLISTENHF6016_20250215T010000.000Z.flac,/project/6070467/merileo/data/finwhales/final2025_resnet_20260423/multispecies_calltype_experiments/prep_runs/multispecies_prep_balanced100_availaudio_20260430T120219Z/mat_files/ICLISTENHF6016_20250215T010000.000Z.flac_276.9s_282.1s_trainstyle.mat,species:OD,group:odontocete_unknown,species:OD,0,unreviewed,,species:Mn,0.978689,E09 ONC+BioDCASE+DCLDE species-only,5,E01 ONC control|E04 ONC+BioDCASE species+call|E06 ONC+BioDCASE+DCLDE|E08 ONC+DCLDE species-only|E09 ONC+BioDCASE+DCLDE species-only,E01 ONC control:species:Mn=0.9272; E04 ONC+BioDCASE species+call:species:Mn=0.9555; E06 ONC+BioDCASE+DCLDE:species:Mn=0.9430; E08 ONC+DCLDE species-only:species:Mn=0.8774; E09 ONC+BioDCASE+DCLDE species-only:species:Mn=0.9787,
,ambiguous_hard_negative,reviewed_background|ambiguous_hard_negative|unlabeled_signal_suspect|demoted_nonprimary_signal,high,ICLISTENHF6016_20250415T130000.000Z-LPF.flac_130.0s_170.0s_trainstyle,candidate_background,final2025_part2_multispecies_tiny_trainstyle,/project/6070467/merileo/data/finwhales/final2025_resnet_20260423/multispecies_calltype_experiments/prep_runs/multispecies_prep_balanced100_availaudio_20260430T120219Z/ICLISTENHF6016_20250415T130000.000Z-LPF.flac,/project/6070467/merileo/data/finwhales/final2025_resnet_20260423/multispecies_calltype_experiments/prep_runs/multispecies_prep_balanced100_availaudio_20260430T120219Z/mat_files/ICLISTENHF6016_20250415T130000.000Z-LPF.flac_130.0s_170.0s_trainstyle.mat,,,,1,unreviewed,,species:Oo,0.967529,E04 ONC+BioDCASE species+call,5,E01 ONC control|E04 ONC+BioDCASE species+call|E06 ONC+BioDCASE+DCLDE|E08 ONC+DCLDE species-only|E09 ONC+BioDCASE+DCLDE species-only,E01 ONC control:species:Oo=0.8810; E04 ONC+BioDCASE species+call:species:Oo=0.9675; E06 ONC+BioDCASE+DCLDE:species:Oo=0.8220; E08 ONC+DCLDE species-only:species:Oo=0.9052; E09 ONC+BioDCASE+DCLDE species-only:species:Oo=0.8837,
,demoted_nonprimary_signal,reviewed_background|ambiguous_hard_negative|unlabeled_signal_suspect|demoted_nonprimary_signal,high,ICLISTENHF6016_20251010T000000.000Z.flac_34.1s_38.8s_trainstyle,demoted_nonprimary_signal,final2025_part2_multispecies_tiny_trainstyle,/project/6070467/merileo/data/finwhales/final2025_resnet_20260423/multispecies_calltype_experiments/prep_runs/multispecies_prep_balanced100_availaudio_20260430T120219Z/ICLISTENHF6016_20251010T000000.000Z.flac,/project/6070467/merileo/data/finwhales/final2025_resnet_20260423/multispecies_calltype_experiments/prep_runs/multispecies_prep_balanced100_availaudio_20260430T120219Z/mat_files/ICLISTENHF6016_20251010T000000.000Z.flac_34.1s_38.8s_trainstyle.mat,species:OD,group:odontocete_unknown,species:OD,0,unreviewed,,species:Mn,0.957438,E09 ONC+BioDCASE+DCLDE species-only,5,E01 ONC control|E04 ONC+BioDCASE species+call|E06 ONC+BioDCASE+DCLDE|E08 ONC+DCLDE species-only|E09 ONC+BioDCASE+DCLDE species-only,E01 ONC control:species:Mn=0.7282; E04 ONC+BioDCASE species+call:species:Mn=0.9359; E06 ONC+BioDCASE+DCLDE:species:Mn=0.9356; E08 ONC+DCLDE species-only:species:Bp=0.9254; E09 ONC+BioDCASE+DCLDE species-only:species:Mn=0.9574,
,demoted_nonprimary_signal,reviewed_background|ambiguous_hard_negative|unlabeled_signal_suspect|demoted_nonprimary_signal,high,ICLISTENHF6016_20250105T063000.000Z.flac_8.4s_9.6s_trainstyle,demoted_nonprimary_signal,final2025_part2_multispecies_tiny_trainstyle,/project/6070467/merileo/data/finwhales/final2025_resnet_20260423/multispecies_calltype_experiments/prep_runs/multispecies_prep_balanced100_availaudio_20260430T120219Z/ICLISTENHF6016_20250105T063000.000Z.flac,/project/6070467/merileo/data/finwhales/final2025_resnet_20260423/multispecies_calltype_experiments/prep_runs/multispecies_prep_balanced100_availaudio_20260430T120219Z/mat_files/ICLISTENHF6016_20250105T063000.000Z.flac_8.4s_9.6s_trainstyle.mat,species:OD,group:odontocete_unknown,species:OD,0,unreviewed,,species:Mn,0.947266,E09 ONC+BioDCASE+DCLDE species-only,5,E01 ONC control|E04 ONC+BioDCASE species+call|E06 ONC+BioDCASE+DCLDE|E08 ONC+DCLDE species-only|E09 ONC+BioDCASE+DCLDE species-only,E01 ONC control:species:Mn=0.7720; E04 ONC+BioDCASE species+call:species:Mn=0.7057; E06 ONC+BioDCASE+DCLDE:species:Mn=0.8873; E08 ONC+DCLDE species-only:species:Bp=0.8664; E09 ONC+BioDCASE+DCLDE species-only:species:Mn=0.9473,
,demoted_nonprimary_signal,reviewed_background|ambiguous_hard_negative|unlabeled_signal_suspect|demoted_nonprimary_signal,high,ICLISTENHF6016_20250525T010000.000Z.flac_28.7s_40.3s_trainstyle,demoted_nonprimary_signal,final2025_part2_multispecies_tiny_trainstyle,/project/6070467/merileo/data/finwhales/final2025_resnet_20260423/multispecies_calltype_experiments/prep_runs/multispecies_prep_balanced100_availaudio_20260430T120219Z/ICLISTENHF6016_20250525T010000.000Z.flac,/project/6070467/merileo/data/finwhales/final2025_resnet_20260423/multispecies_calltype_experiments/prep_runs/multispecies_prep_balanced100_availaudio_20260430T120219Z/mat_files/ICLISTENHF6016_20250525T010000.000Z.flac_28.7s_40.3s_trainstyle.mat,species:OD,group:odontocete_unknown,species:OD,0,unreviewed,,species:Oo,0.935169,E04 ONC+BioDCASE species+call,3,E04 ONC+BioDCASE species+call|E06 ONC+BioDCASE+DCLDE|E09 ONC+BioDCASE+DCLDE species-only,E01 ONC control:species:Oo=0.6039; E04 ONC+BioDCASE species+call:species:Oo=0.9352; E06 ONC+BioDCASE+DCLDE:species:Oo=0.7394; E08 ONC+DCLDE species-only:species:Oo=0.4169; E09 ONC+BioDCASE+DCLDE species-only:species:Oo=0.7895,
,demoted_nonprimary_signal,reviewed_background|ambiguous_hard_negative|unlabeled_signal_suspect|demoted_nonprimary_signal,high,ICLISTENHF6016_20251020T070000.000Z.flac_52.5s_55.9s_trainstyle,demoted_nonprimary_signal,final2025_part2_multispecies_tiny_trainstyle,/project/6070467/merileo/data/finwhales/final2025_resnet_20260423/multispecies_calltype_experiments/prep_runs/multispecies_prep_balanced100_availaudio_20260430T120219Z/ICLISTENHF6016_20251020T070000.000Z.flac,/project/6070467/merileo/data/finwhales/final2025_resnet_20260423/multispecies_calltype_experiments/prep_runs/multispecies_prep_balanced100_availaudio_20260430T120219Z/mat_files/ICLISTENHF6016_20251020T070000.000Z.flac_52.5s_55.9s_trainstyle.mat,species:OD,group:odontocete_unknown,species:OD,0,unreviewed,,species:Mn,0.932215,E09 ONC+BioDCASE+DCLDE species-only,5,E01 ONC control|E04 ONC+BioDCASE species+call|E06 ONC+BioDCASE+DCLDE|E08 ONC+DCLDE species-only|E09 ONC+BioDCASE+DCLDE species-only,E01 ONC control:species:Bp=0.7689; E04 ONC+BioDCASE species+call:species:Mn=0.8754; E06 ONC+BioDCASE+DCLDE:species:Mn=0.8438; E08 ONC+DCLDE species-only:species:Mn=0.8209; E09 ONC+BioDCASE+DCLDE species-only:species:Mn=0.9322,
,ambiguous_hard_negative,reviewed_background|ambiguous_hard_negative|unlabeled_signal_suspect|demoted_nonprimary_signal,high,ICLISTENHF6016_20250405T120000.000Z.flac_130.0s_170.0s_trainstyle,candidate_background,final2025_part2_multispecies_tiny_trainstyle,/project/6070467/merileo/data/finwhales/final2025_resnet_20260423/multispecies_calltype_experiments/prep_runs/multispecies_prep_balanced100_availaudio_20260430T120219Z/ICLISTENHF6016_20250405T120000.000Z.flac,/project/6070467/merileo/data/finwhales/final2025_resnet_20260423/multispecies_calltype_experiments/prep_runs/multispecies_prep_balanced100_availaudio_20260430T120219Z/mat_files/ICLISTENHF6016_20250405T120000.000Z.flac_130.0s_170.0s_trainstyle.mat,,,,1,unreviewed,,species:Oo,0.916460,E01 ONC control,5,E01 ONC control|E04 ONC+BioDCASE species+call|E06 ONC+BioDCASE+DCLDE|E08 ONC+DCLDE species-only|E09 ONC+BioDCASE+DCLDE species-only,E01 ONC control:species:Oo=0.9165; E04 ONC+BioDCASE species+call:species:Oo=0.9143; E06 ONC+BioDCASE+DCLDE:species:Oo=0.7799; E08 ONC+DCLDE species-only:species:Oo=0.5446; E09 ONC+BioDCASE+DCLDE species-only:species:Oo=0.8719,
,ambiguous_hard_negative,reviewed_background|ambiguous_hard_negative|unlabeled_signal_suspect|demoted_nonprimary_signal,high,ICLISTENHF6016_20250715T150000.000Z.flac_130.0s_170.0s_trainstyle,candidate_background,final2025_part2_multispecies_tiny_trainstyle,/project/6070467/merileo/data/finwhales/final2025_resnet_20260423/multispecies_calltype_experiments/prep_runs/multispecies_prep_balanced100_availaudio_20260430T120219Z/ICLISTENHF6016_20250715T150000.000Z.flac,/project/6070467/merileo/data/finwhales/final2025_resnet_20260423/multispecies_calltype_experiments/prep_runs/multispecies_prep_balanced100_availaudio_20260430T120219Z/mat_files/ICLISTENHF6016_20250715T150000.000Z.flac_130.0s_170.0s_trainstyle.mat,,,,1,unreviewed,,species:Oo,0.906413,E09 ONC+BioDCASE+DCLDE species-only,4,E04 ONC+BioDCASE species+call|E06 ONC+BioDCASE+DCLDE|E08 ONC+DCLDE species-only|E09 ONC+BioDCASE+DCLDE species-only,E01 ONC control:species:Oo=0.1393; E04 ONC+BioDCASE species+call:species:Oo=0.7689; E06 ONC+BioDCASE+DCLDE:species:Oo=0.8791; E08 ONC+DCLDE species-only:species:Oo=0.8377; E09 ONC+BioDCASE+DCLDE species-only:species:Oo=0.9064,
,ambiguous_hard_negative,reviewed_background|ambiguous_hard_negative|unlabeled_signal_suspect|demoted_nonprimary_signal,high,ICLISTENHF6016_20250425T090000.000Z.flac_130.0s_170.0s_trainstyle,candidate_background,final2025_part2_multispecies_tiny_trainstyle,/project/6070467/merileo/data/finwhales/final2025_resnet_20260423/multispecies_calltype_experiments/prep_runs/multispecies_prep_balanced100_availaudio_20260430T120219Z/ICLISTENHF6016_20250425T090000.000Z.flac,/project/6070467/merileo/data/finwhales/final2025_resnet_20260423/multispecies_calltype_experiments/prep_runs/multispecies_prep_balanced100_availaudio_20260430T120219Z/mat_files/ICLISTENHF6016_20250425T090000.000Z.flac_130.0s_170.0s_trainstyle.mat,,,,1,unreviewed,,species:Oo,0.901446,E04 ONC+BioDCASE species+call,5,E01 ONC control|E04 ONC+BioDCASE species+call|E06 ONC+BioDCASE+DCLDE|E08 ONC+DCLDE species-only|E09 ONC+BioDCASE+DCLDE species-only,E01 ONC control:species:Oo=0.6413; E04 ONC+BioDCASE species+call:species:Oo=0.9014; E06 ONC+BioDCASE+DCLDE:species:Oo=0.7851; E08 ONC+DCLDE species-only:species:Oo=0.7269; E09 ONC+BioDCASE+DCLDE species-only:species:Oo=0.8871,
,demoted_nonprimary_signal,reviewed_background|ambiguous_hard_negative|unlabeled_signal_suspect|demoted_nonprimary_signal,high,ICLISTENHF6016_20250720T040000.000Z.flac_3.0s_3.4s_trainstyle,demoted_nonprimary_signal,final2025_part2_multispecies_tiny_trainstyle,/project/6070467/merileo/data/finwhales/final2025_resnet_20260423/multispecies_calltype_experiments/prep_runs/multispecies_prep_balanced100_availaudio_20260430T120219Z/ICLISTENHF6016_20250720T040000.000Z.flac,/project/6070467/merileo/data/finwhales/final2025_resnet_20260423/multispecies_calltype_experiments/prep_runs/multispecies_prep_balanced100_availaudio_20260430T120219Z/mat_files/ICLISTENHF6016_20250720T040000.000Z.flac_3.0s_3.4s_trainstyle.mat,species:OD,group:odontocete_unknown,species:OD,0,unreviewed,,species:Oo,0.897934,E04 ONC+BioDCASE species+call,2,E04 ONC+BioDCASE species+call|E09 ONC+BioDCASE+DCLDE species-only,E01 ONC control:species:Oo=0.4950; E04 ONC+BioDCASE species+call:species:Oo=0.8979; E06 ONC+BioDCASE+DCLDE:species:Oo=0.6370; E08 ONC+DCLDE species-only:species:Oo=0.3248; E09 ONC+BioDCASE+DCLDE species-only:species:Oo=0.7921,
,ambiguous_hard_negative,reviewed_background|ambiguous_hard_negative|unlabeled_signal_suspect|demoted_nonprimary_signal,high,ICLISTENHF6016_20250610T080000.000Z.flac_130.0s_170.0s_trainstyle,candidate_background,final2025_part2_multispecies_tiny_trainstyle,/project/6070467/merileo/data/finwhales/final2025_resnet_20260423/multispecies_calltype_experiments/prep_runs/multispecies_prep_balanced100_availaudio_20260430T120219Z/ICLISTENHF6016_20250610T080000.000Z.flac,/project/6070467/merileo/data/finwhales/final2025_resnet_20260423/multispecies_calltype_experiments/prep_runs/multispecies_prep_balanced100_availaudio_20260430T120219Z/mat_files/ICLISTENHF6016_20250610T080000.000Z.flac_130.0s_170.0s_trainstyle.mat,,,,1,unreviewed,,species:Oo,0.894142,E04 ONC+BioDCASE species+call,3,E01 ONC control|E04 ONC+BioDCASE species+call|E09 ONC+BioDCASE+DCLDE species-only,E01 ONC control:species:Oo=0.6409; E04 ONC+BioDCASE species+call:species:Oo=0.8941; E06 ONC+BioDCASE+DCLDE:species:Oo=0.6406; E08 ONC+DCLDE species-only:species:Oo=0.4220; E09 ONC+BioDCASE+DCLDE species-only:species:Oo=0.6988,
,ambiguous_hard_negative,reviewed_background|ambiguous_hard_negative|unlabeled_signal_suspect|demoted_nonprimary_signal,high,ICLISTENHF6016_20250330T100000.000Z.flac_130.0s_170.0s_trainstyle,candidate_background,final2025_part2_multispecies_tiny_trainstyle,/project/6070467/merileo/data/finwhales/final2025_resnet_20260423/multispecies_calltype_experiments/prep_runs/multispecies_prep_balanced100_availaudio_20260430T120219Z/ICLISTENHF6016_20250330T100000.000Z.flac,/project/6070467/merileo/data/finwhales/final2025_resnet_20260423/multispecies_calltype_experiments/prep_runs/multispecies_prep_balanced100_availaudio_20260430T120219Z/mat_files/ICLISTENHF6016_20250330T100000.000Z.flac_130.0s_170.0s_trainstyle.mat,,,,1,unreviewed,,species:Oo,0.889873,E06 ONC+BioDCASE+DCLDE,2,E06 ONC+BioDCASE+DCLDE|E09 ONC+BioDCASE+DCLDE species-only,E01 ONC control:species:Oo=0.3283; E04 ONC+BioDCASE species+call:species:Oo=0.7175; E06 ONC+BioDCASE+DCLDE:species:Oo=0.8899; E08 ONC+DCLDE species-only:species:Oo=0.3518; E09 ONC+BioDCASE+DCLDE species-only:species:Oo=0.7051,
,demoted_nonprimary_signal,reviewed_background|ambiguous_hard_negative|unlabeled_signal_suspect|demoted_nonprimary_signal,high,ICLISTENHF6016_20250815T060000.000Z.flac_44.2s_47.6s_trainstyle,demoted_nonprimary_signal,final2025_part2_multispecies_tiny_trainstyle,/project/6070467/merileo/data/finwhales/final2025_resnet_20260423/multispecies_calltype_experiments/prep_runs/multispecies_prep_balanced100_availaudio_20260430T120219Z/ICLISTENHF6016_20250815T060000.000Z.flac,/project/6070467/merileo/data/finwhales/final2025_resnet_20260423/multispecies_calltype_experiments/prep_runs/multispecies_prep_balanced100_availaudio_20260430T120219Z/mat_files/ICLISTENHF6016_20250815T060000.000Z.flac_44.2s_47.6s_trainstyle.mat,species:OD,group:odontocete_unknown,species:OD,0,unreviewed,,species:Oo,0.873592,E04 ONC+BioDCASE species+call,2,E04 ONC+BioDCASE species+call|E06 ONC+BioDCASE+DCLDE,E01 ONC control:species:Oo=0.3604; E04 ONC+BioDCASE species+call:species:Oo=0.8736; E06 ONC+BioDCASE+DCLDE:species:Oo=0.6951; E08 ONC+DCLDE species-only:species:Bp=0.1397; E09 ONC+BioDCASE+DCLDE species-only:species:Oo=0.4248,
,ambiguous_hard_negative,reviewed_background|ambiguous_hard_negative|unlabeled_signal_suspect|demoted_nonprimary_signal,high,ICLISTENHF6016_20250420T080000.000Z.flac_130.0s_170.0s_trainstyle,candidate_background,final2025_part2_multispecies_tiny_trainstyle,/project/6070467/merileo/data/finwhales/final2025_resnet_20260423/multispecies_calltype_experiments/prep_runs/multispecies_prep_balanced100_availaudio_20260430T120219Z/ICLISTENHF6016_20250420T080000.000Z.flac,/project/6070467/merileo/data/finwhales/final2025_resnet_20260423/multispecies_calltype_experiments/prep_runs/multispecies_prep_balanced100_availaudio_20260430T120219Z/mat_files/ICLISTENHF6016_20250420T080000.000Z.flac_130.0s_170.0s_trainstyle.mat,,,,1,unreviewed,,species:Oo,0.873393,E01 ONC control,2,E01 ONC control|E09 ONC+BioDCASE+DCLDE species-only,E01 ONC control:species:Oo=0.8734; E04 ONC+BioDCASE species+call:species:Oo=0.7203; E06 ONC+BioDCASE+DCLDE:species:Oo=0.5962; E08 ONC+DCLDE species-only:species:Oo=0.2118; E09 ONC+BioDCASE+DCLDE species-only:species:Oo=0.7802,
,demoted_nonprimary_signal,reviewed_background|ambiguous_hard_negative|unlabeled_signal_suspect|demoted_nonprimary_signal,high,ICLISTENHF6016_20250720T190000.000Z.flac_187.3s_188.5s_trainstyle,demoted_nonprimary_signal,final2025_part2_multispecies_tiny_trainstyle,/project/6070467/merileo/data/finwhales/final2025_resnet_20260423/multispecies_calltype_experiments/prep_runs/multispecies_prep_balanced100_availaudio_20260430T120219Z/ICLISTENHF6016_20250720T190000.000Z.flac,/project/6070467/merileo/data/finwhales/final2025_resnet_20260423/multispecies_calltype_experiments/prep_runs/multispecies_prep_balanced100_availaudio_20260430T120219Z/mat_files/ICLISTENHF6016_20250720T190000.000Z.flac_187.3s_188.5s_trainstyle.mat,species:OD,group:odontocete_unknown,species:OD,0,unreviewed,,species:Oo,0.872987,E08 ONC+DCLDE species-only,4,E04 ONC+BioDCASE species+call|E06 ONC+BioDCASE+DCLDE|E08 ONC+DCLDE species-only|E09 ONC+BioDCASE+DCLDE species-only,E01 ONC control:species:Oo=0.5329; E04 ONC+BioDCASE species+call:species:Oo=0.8307; E06 ONC+BioDCASE+DCLDE:species:Oo=0.8430; E08 ONC+DCLDE species-only:species:Oo=0.8730; E09 ONC+BioDCASE+DCLDE species-only:species:Oo=0.8451,
,ambiguous_hard_negative,reviewed_background|ambiguous_hard_negative|unlabeled_signal_suspect|demoted_nonprimary_signal,high,ICLISTENHF6016_20250410T130000.000Z.flac_130.0s_170.0s_trainstyle,candidate_background,final2025_part2_multispecies_tiny_trainstyle,/project/6070467/merileo/data/finwhales/final2025_resnet_20260423/multispecies_calltype_experiments/prep_runs/multispecies_prep_balanced100_availaudio_20260430T120219Z/ICLISTENHF6016_20250410T130000.000Z.flac,/project/6070467/merileo/data/finwhales/final2025_resnet_20260423/multispecies_calltype_experiments/prep_runs/multispecies_prep_balanced100_availaudio_20260430T120219Z/mat_files/ICLISTENHF6016_20250410T130000.000Z.flac_130.0s_170.0s_trainstyle.mat,,,,1,unreviewed,,species:Oo,0.865207,E09 ONC+BioDCASE+DCLDE species-only,4,E04 ONC+BioDCASE species+call|E06 ONC+BioDCASE+DCLDE|E08 ONC+DCLDE species-only|E09 ONC+BioDCASE+DCLDE species-only,E01 ONC control:species:Oo=0.0890; E04 ONC+BioDCASE species+call:species:Oo=0.7538; E06 ONC+BioDCASE+DCLDE:species:Oo=0.8058; E08 ONC+DCLDE species-only:species:Oo=0.8536; E09 ONC+BioDCASE+DCLDE species-only:species:Oo=0.8652,
,ambiguous_hard_negative,reviewed_background|ambiguous_hard_negative|unlabeled_signal_suspect|demoted_nonprimary_signal,high,ICLISTENHF6016_20250620T230000.000Z-LPF.flac_130.0s_170.0s_trainstyle,candidate_background,final2025_part2_multispecies_tiny_trainstyle,/project/6070467/merileo/data/finwhales/final2025_resnet_20260423/multispecies_calltype_experiments/prep_runs/multispecies_prep_balanced100_availaudio_20260430T120219Z/ICLISTENHF6016_20250620T230000.000Z-LPF.flac,/project/6070467/merileo/data/finwhales/final2025_resnet_20260423/multispecies_calltype_experiments/prep_runs/multispecies_prep_balanced100_availaudio_20260430T120219Z/mat_files/ICLISTENHF6016_20250620T230000.000Z-LPF.flac_130.0s_170.0s_trainstyle.mat,,,,1,unreviewed,,species:Oo,0.859280,E04 ONC+BioDCASE species+call,5,E01 ONC control|E04 ONC+BioDCASE species+call|E06 ONC+BioDCASE+DCLDE|E08 ONC+DCLDE species-only|E09 ONC+BioDCASE+DCLDE species-only,E01 ONC control:species:Oo=0.6841; E04 ONC+BioDCASE species+call:species:Oo=0.8593; E06 ONC+BioDCASE+DCLDE:species:Oo=0.7108; E08 ONC+DCLDE species-only:species:Oo=0.5476; E09 ONC+BioDCASE+DCLDE species-only:species:Oo=0.7612,
,ambiguous_hard_negative,reviewed_background|ambiguous_hard_negative|unlabeled_signal_suspect|demoted_nonprimary_signal,high,ICLISTENHF6016_20250430T220000.000Z.flac_130.0s_170.0s_trainstyle,candidate_background,final2025_part2_multispecies_tiny_trainstyle,/project/6070467/merileo/data/finwhales/final2025_resnet_20260423/multispecies_calltype_experiments/prep_runs/multispecies_prep_balanced100_availaudio_20260430T120219Z/ICLISTENHF6016_20250430T220000.000Z.flac,/project/6070467/merileo/data/finwhales/final2025_resnet_20260423/multispecies_calltype_experiments/prep_runs/multispecies_prep_balanced100_availaudio_20260430T120219Z/mat_files/ICLISTENHF6016_20250430T220000.000Z.flac_130.0s_170.0s_trainstyle.mat,,,,1,unreviewed,,species:Oo,0.858897,E04 ONC+BioDCASE species+call,4,E04 ONC+BioDCASE species+call|E06 ONC+BioDCASE+DCLDE|E08 ONC+DCLDE species-only|E09 ONC+BioDCASE+DCLDE species-only,E01 ONC control:species:Oo=0.2964; E04 ONC+BioDCASE species+call:species:Oo=0.8589; E06 ONC+BioDCASE+DCLDE:species:Oo=0.7235; E08 ONC+DCLDE species-only:species:Oo=0.6114; E09 ONC+BioDCASE+DCLDE species-only:species:Oo=0.8232,
,ambiguous_hard_negative,reviewed_background|ambiguous_hard_negative|unlabeled_signal_suspect|demoted_nonprimary_signal,high,ICLISTENHF6016_20250115T010000.000Z.flac_130.0s_170.0s_trainstyle,candidate_background,final2025_part2_multispecies_tiny_trainstyle,/project/6070467/merileo/data/finwhales/final2025_resnet_20260423/multispecies_calltype_experiments/prep_runs/multispecies_prep_balanced100_availaudio_20260430T120219Z/ICLISTENHF6016_20250115T010000.000Z.flac,/project/6070467/merileo/data/finwhales/final2025_resnet_20260423/multispecies_calltype_experiments/prep_runs/multispecies_prep_balanced100_availaudio_20260430T120219Z/mat_files/ICLISTENHF6016_20250115T010000.000Z.flac_130.0s_170.0s_trainstyle.mat,,,,1,unreviewed,,species:Oo,0.858758,E04 ONC+BioDCASE species+call,3,E01 ONC control|E04 ONC+BioDCASE species+call|E09 ONC+BioDCASE+DCLDE species-only,E01 ONC control:species:Oo=0.6894; E04 ONC+BioDCASE species+call:species:Oo=0.8588; E06 ONC+BioDCASE+DCLDE:species:Oo=0.5817; E08 ONC+DCLDE species-only:species:Bp=0.7108; E09 ONC+BioDCASE+DCLDE species-only:species:Oo=0.4975,
,ambiguous_hard_negative,reviewed_background|ambiguous_hard_negative|unlabeled_signal_suspect|demoted_nonprimary_signal,high,ICLISTENHF6016_20250620T000000.000Z-LPF.flac_130.0s_170.0s_trainstyle,candidate_background,final2025_part2_multispecies_tiny_trainstyle,/project/6070467/merileo/data/finwhales/final2025_resnet_20260423/multispecies_calltype_experiments/prep_runs/multispecies_prep_balanced100_availaudio_20260430T120219Z/ICLISTENHF6016_20250620T000000.000Z-LPF.flac,/project/6070467/merileo/data/finwhales/final2025_resnet_20260423/multispecies_calltype_experiments/prep_runs/multispecies_prep_balanced100_availaudio_20260430T120219Z/mat_files/ICLISTENHF6016_20250620T000000.000Z-LPF.flac_130.0s_170.0s_trainstyle.mat,,,,1,unreviewed,,species:Oo,0.834188,E04 ONC+BioDCASE species+call,4,E04 ONC+BioDCASE species+call|E06 ONC+BioDCASE+DCLDE|E08 ONC+DCLDE species-only|E09 ONC+BioDCASE+DCLDE species-only,E01 ONC control:species:Oo=0.5985; E04 ONC+BioDCASE species+call:species:Oo=0.8342; E06 ONC+BioDCASE+DCLDE:species:Oo=0.7767; E08 ONC+DCLDE species-only:species:Oo=0.5312; E09 ONC+BioDCASE+DCLDE species-only:species:Oo=0.6515,
,ambiguous_hard_negative,reviewed_background|ambiguous_hard_negative|unlabeled_signal_suspect|demoted_nonprimary_signal,high,ICLISTENHF6016_20250730T080000.000Z.flac_130.0s_170.0s_trainstyle,candidate_background,final2025_part2_multispecies_tiny_trainstyle,/project/6070467/merileo/data/finwhales/final2025_resnet_20260423/multispecies_calltype_experiments/prep_runs/multispecies_prep_balanced100_availaudio_20260430T120219Z/ICLISTENHF6016_20250730T080000.000Z.flac,/project/6070467/merileo/data/finwhales/final2025_resnet_20260423/multispecies_calltype_experiments/prep_runs/multispecies_prep_balanced100_availaudio_20260430T120219Z/mat_files/ICLISTENHF6016_20250730T080000.000Z.flac_130.0s_170.0s_trainstyle.mat,,,,1,unreviewed,,species:Oo,0.776706,E06 ONC+BioDCASE+DCLDE,4,E01 ONC control|E06 ONC+BioDCASE+DCLDE|E08 ONC+DCLDE species-only|E09 ONC+BioDCASE+DCLDE species-only,E01 ONC control:species:Oo=0.6560; E04 ONC+BioDCASE species+call:species:Oo=0.7062; E06 ONC+BioDCASE+DCLDE:species:Oo=0.7767; E08 ONC+DCLDE species-only:species:Oo=0.5354; E09 ONC+BioDCASE+DCLDE species-only:species:Oo=0.7688,
,demoted_nonprimary_signal,reviewed_background|ambiguous_hard_negative|unlabeled_signal_suspect|demoted_nonprimary_signal,medium,ICLISTENHF6016_20250905T190000.000Z.flac_248.9s_263.7s_trainstyle,demoted_nonprimary_signal,final2025_part2_multispecies_tiny_trainstyle,/project/6070467/merileo/data/finwhales/final2025_resnet_20260423/multispecies_calltype_experiments/prep_runs/multispecies_prep_balanced100_availaudio_20260430T120219Z/ICLISTENHF6016_20250905T190000.000Z.flac,/project/6070467/merileo/data/finwhales/final2025_resnet_20260423/multispecies_calltype_experiments/prep_runs/multispecies_prep_balanced100_availaudio_20260430T120219Z/mat_files/ICLISTENHF6016_20250905T190000.000Z.flac_248.9s_263.7s_trainstyle.mat,species:OD,group:odontocete_unknown,species:OD,0,unreviewed,,species:Oo,0.838582,E04 ONC+BioDCASE species+call,1,E04 ONC+BioDCASE species+call,E01 ONC control:species:Bp=0.3357; E04 ONC+BioDCASE species+call:species:Oo=0.8386; E06 ONC+BioDCASE+DCLDE:species:Oo=0.5282; E08 ONC+DCLDE species-only:species:Bp=0.7879; E09 ONC+BioDCASE+DCLDE species-only:species:Mn=0.4663,
,demoted_nonprimary_signal,reviewed_background|ambiguous_hard_negative|unlabeled_signal_suspect|demoted_nonprimary_signal,medium,ICLISTENHF6016_20250710T070000.000Z.flac_270.3s_270.5s_trainstyle,demoted_nonprimary_signal,final2025_part2_multispecies_tiny_trainstyle,/project/6070467/merileo/data/finwhales/final2025_resnet_20260423/multispecies_calltype_experiments/prep_runs/multispecies_prep_balanced100_availaudio_20260430T120219Z/ICLISTENHF6016_20250710T070000.000Z.flac,/project/6070467/merileo/data/finwhales/final2025_resnet_20260423/multispecies_calltype_experiments/prep_runs/multispecies_prep_balanced100_availaudio_20260430T120219Z/mat_files/ICLISTENHF6016_20250710T070000.000Z.flac_270.3s_270.5s_trainstyle.mat,species:OD,group:odontocete_unknown,species:OD,0,unreviewed,,species:Oo,0.835062,E06 ONC+BioDCASE+DCLDE,2,E06 ONC+BioDCASE+DCLDE|E09 ONC+BioDCASE+DCLDE species-only,E01 ONC control:species:Bp=0.1776; E04 ONC+BioDCASE species+call:species:Oo=0.6229; E06 ONC+BioDCASE+DCLDE:species:Oo=0.8351; E08 ONC+DCLDE species-only:species:Bp=0.2288; E09 ONC+BioDCASE+DCLDE species-only:species:Oo=0.6052,
,demoted_nonprimary_signal,reviewed_background|ambiguous_hard_negative|unlabeled_signal_suspect|demoted_nonprimary_signal,medium,ICLISTENHF6016_20250830T110000.000Z.flac_293.5s_297.8s_trainstyle,demoted_nonprimary_signal,final2025_part2_multispecies_tiny_trainstyle,/project/6070467/merileo/data/finwhales/final2025_resnet_20260423/multispecies_calltype_experiments/prep_runs/multispecies_prep_balanced100_availaudio_20260430T120219Z/ICLISTENHF6016_20250830T110000.000Z.flac,/project/6070467/merileo/data/finwhales/final2025_resnet_20260423/multispecies_calltype_experiments/prep_runs/multispecies_prep_balanced100_availaudio_20260430T120219Z/mat_files/ICLISTENHF6016_20250830T110000.000Z.flac_293.5s_297.8s_trainstyle.mat,species:OD,group:odontocete_unknown,species:OD,0,unreviewed,,species:Oo,0.833916,E06 ONC+BioDCASE+DCLDE,3,E06 ONC+BioDCASE+DCLDE|E08 ONC+DCLDE species-only|E09 ONC+BioDCASE+DCLDE species-only,E01 ONC control:species:Bp=0.1176; E04 ONC+BioDCASE species+call:species:Oo=0.4147; E06 ONC+BioDCASE+DCLDE:species:Oo=0.8339; E08 ONC+DCLDE species-only:species:Oo=0.6769; E09 ONC+BioDCASE+DCLDE species-only:species:Oo=0.6258,
,demoted_nonprimary_signal,reviewed_background|ambiguous_hard_negative|unlabeled_signal_suspect|demoted_nonprimary_signal,medium,ICLISTENHF6016_20250510T040000.000Z.flac_165.5s_170.5s_trainstyle,demoted_nonprimary_signal,final2025_part2_multispecies_tiny_trainstyle,/project/6070467/merileo/data/finwhales/final2025_resnet_20260423/multispecies_calltype_experiments/prep_runs/multispecies_prep_balanced100_availaudio_20260430T120219Z/ICLISTENHF6016_20250510T040000.000Z.flac,/project/6070467/merileo/data/finwhales/final2025_resnet_20260423/multispecies_calltype_experiments/prep_runs/multispecies_prep_balanced100_availaudio_20260430T120219Z/mat_files/ICLISTENHF6016_20250510T040000.000Z.flac_165.5s_170.5s_trainstyle.mat,species:OD,group:odontocete_unknown,species:OD,0,unreviewed,,species:Oo,0.745505,E04 ONC+BioDCASE species+call,0,,E01 ONC control:species:Oo=0.1918; E04 ONC+BioDCASE species+call:species:Oo=0.7455; E06 ONC+BioDCASE+DCLDE:species:Oo=0.6339; E08 ONC+DCLDE species-only:species:Bp=0.2581; E09 ONC+BioDCASE+DCLDE species-only:species:Oo=0.3774,
,demoted_nonprimary_signal,reviewed_background|ambiguous_hard_negative|unlabeled_signal_suspect|demoted_nonprimary_signal,medium,ICLISTENHF6016_20250705T180000.000Z.flac_154.6s_155.3s_trainstyle,demoted_nonprimary_signal,final2025_part2_multispecies_tiny_trainstyle,/project/6070467/merileo/data/finwhales/final2025_resnet_20260423/multispecies_calltype_experiments/prep_runs/multispecies_prep_balanced100_availaudio_20260430T120219Z/ICLISTENHF6016_20250705T180000.000Z.flac,/project/6070467/merileo/data/finwhales/final2025_resnet_20260423/multispecies_calltype_experiments/prep_runs/multispecies_prep_balanced100_availaudio_20260430T120219Z/mat_files/ICLISTENHF6016_20250705T180000.000Z.flac_154.6s_155.3s_trainstyle.mat,species:OD,group:odontocete_unknown,species:OD,0,unreviewed,,species:Oo,0.725330,E06 ONC+BioDCASE+DCLDE,2,E06 ONC+BioDCASE+DCLDE|E09 ONC+BioDCASE+DCLDE species-only,E01 ONC control:species:Bp=0.1165; E04 ONC+BioDCASE species+call:species:Oo=0.4271; E06 ONC+BioDCASE+DCLDE:species:Oo=0.7253; E08 ONC+DCLDE species-only:species:Bp=0.1627; E09 ONC+BioDCASE+DCLDE species-only:species:Bp=0.5161,
,ambiguous_hard_negative,reviewed_background|ambiguous_hard_negative|unlabeled_signal_suspect|demoted_nonprimary_signal,medium,ICLISTENHF6016_20250815T170000.000Z.flac_130.0s_170.0s_trainstyle,candidate_background,final2025_part2_multispecies_tiny_trainstyle,/project/6070467/merileo/data/finwhales/final2025_resnet_20260423/multispecies_calltype_experiments/prep_runs/multispecies_prep_balanced100_availaudio_20260430T120219Z/ICLISTENHF6016_20250815T170000.000Z.flac,/project/6070467/merileo/data/finwhales/final2025_resnet_20260423/multispecies_calltype_experiments/prep_runs/multispecies_prep_balanced100_availaudio_20260430T120219Z/mat_files/ICLISTENHF6016_20250815T170000.000Z.flac_130.0s_170.0s_trainstyle.mat,,,,1,unreviewed,,species:Oo,0.716938,E06 ONC+BioDCASE+DCLDE,2,E06 ONC+BioDCASE+DCLDE|E09 ONC+BioDCASE+DCLDE species-only,E01 ONC control:species:Oo=0.1308; E04 ONC+BioDCASE species+call:species:Oo=0.5159; E06 ONC+BioDCASE+DCLDE:species:Oo=0.7169; E08 ONC+DCLDE species-only:species:Oo=0.1598; E09 ONC+BioDCASE+DCLDE species-only:species:Oo=0.6506,
,demoted_nonprimary_signal,reviewed_background|ambiguous_hard_negative|unlabeled_signal_suspect|demoted_nonprimary_signal,medium,ICLISTENHF6016_20250820T140000.000Z.flac_230.5s_230.9s_trainstyle,demoted_nonprimary_signal,final2025_part2_multispecies_tiny_trainstyle,/project/6070467/merileo/data/finwhales/final2025_resnet_20260423/multispecies_calltype_experiments/prep_runs/multispecies_prep_balanced100_availaudio_20260430T120219Z/ICLISTENHF6016_20250820T140000.000Z.flac,/project/6070467/merileo/data/finwhales/final2025_resnet_20260423/multispecies_calltype_experiments/prep_runs/multispecies_prep_balanced100_availaudio_20260430T120219Z/mat_files/ICLISTENHF6016_20250820T140000.000Z.flac_230.5s_230.9s_trainstyle.mat,species:OD,group:odontocete_unknown,species:OD,0,unreviewed,,species:Mn,0.673533,E01 ONC control,1,E04 ONC+BioDCASE species+call,E01 ONC control:species:Mn=0.6735; E04 ONC+BioDCASE species+call:species:Mn=0.5072; E06 ONC+BioDCASE+DCLDE:species:Oo=0.5319; E08 ONC+DCLDE species-only:species:Oo=0.1611; E09 ONC+BioDCASE+DCLDE species-only:species:Mn=0.4575,
,,reviewed_background|ambiguous_hard_negative|unlabeled_signal_suspect|demoted_nonprimary_signal,low,ICLISTENHF6016_20250605T030000.000Z.flac_130.0s_170.0s_trainstyle,candidate_background,final2025_part2_multispecies_tiny_trainstyle,/project/6070467/merileo/data/finwhales/final2025_resnet_20260423/multispecies_calltype_experiments/prep_runs/multispecies_prep_balanced100_availaudio_20260430T120219Z/ICLISTENHF6016_20250605T030000.000Z.flac,/project/6070467/merileo/data/finwhales/final2025_resnet_20260423/multispecies_calltype_experiments/prep_runs/multispecies_prep_balanced100_availaudio_20260430T120219Z/mat_files/ICLISTENHF6016_20250605T030000.000Z.flac_130.0s_170.0s_trainstyle.mat,,,,1,unreviewed,,species:Oo,0.649572,E04 ONC+BioDCASE species+call,0,,E01 ONC control:species:Oo=0.3672; E04 ONC+BioDCASE species+call:species:Oo=0.6496; E06 ONC+BioDCASE+DCLDE:species:Oo=0.4406; E08 ONC+DCLDE species-only:species:Bp=0.1047; E09 ONC+BioDCASE+DCLDE species-only:species:Bp=0.3488,
